{
    "cap_r": 0.04,
    "cap_h": 0.020952752288064362,
    "base_r": 0.035,
    "base_h": 0.0626286130936432
}